Model,RMSE,MAE,MAPE,R2
random_forest,4.75686069365678,3.8887621204650387,40.29906961475063,0.5742730075938645
xgboost,4.691405577838203,3.760119047562281,38.906808275325176,0.5859085341075931
lightgbm,4.738454882006869,3.8343445206377145,40.11757422366419,0.5775611808815636
voting,4.699886209363955,3.8147335241849283,39.65640120328864,0.5844100786126654
stacking,4.677574599443366,3.7611032996327842,39.1975194411617,0.5883465444486045
